[
  {
    "id": 1742208834631,
    "title": "Test Code",
    "description": "Test Main Code",
    "assignedTo": "Julian Brendlin",
    "deadline": "2025-03-18 09:00",
    "priority": "medium",
    "categories": [
      "Development"
    ]
  },
  {
    "id": 1742208874180,
    "title": "Test Other Code",
    "description": "Test Add Code",
    "assignedTo": "Julian Brendlin",
    "deadline": "2025-03-27 15:30",
    "priority": "medium",
    "categories": [
      "Development"
    ]
  },
  {
    "id": 1742209327633,
    "title": "No Title Provided",
    "description": "No Description Provided",
    "assignedTo": "Julian Brendlin",
    "deadline": "2025-03-17 23:59",
    "priority": "medium",
    "categories": [
      "Test"
    ]
  }
]
